{"source": "2D_gait_4regions walk_motion + walk_GRF", "frameCount": 50, "duration": 0.47008941, "height_m": 1.7, "time": [0.0, 0.00959366, 0.01918732, 0.02878098, 0.03837465, 0.04796831, 0.05756197, 0.06715563, 0.07674929, 0.08634295, 0.09593662, 0.10553028, 0.11512394, 0.1247176, 0.13431126, 0.14390492, 0.15349858, 0.16309225, 0.17268591, 0.18227957, 0.19187323, 0.20146689, 0.21106055, 0.22065421, 0.23024788, 0.23984154, 0.2494352, 0.25902886, 0.26862252, 0.27821618, 0.28780985, 0.29740351, 0.30699717, 0.31659083, 0.32618449, 0.33577815, 0.34537181, 0.35496548, 0.36455914, 0.3741528, 0.38374646, 0.39334012, 0.40293378, 0.41252745, 0.42212111, 0.43171477, 0.44130843, 0.45090209, 0.46049575, 0.47008941], "pelvis_tilt": [-0.263901172, -0.263237135, -0.262380255, -0.261375157, -0.260365147, -0.259541769, -0.259054514, -0.258944308, -0.259129324, -0.259494498, -0.259946181, -0.260424344, -0.260895925, -0.261344146, -0.261760474, -0.262140251, -0.262480488, -0.262779029, -0.26303437, -0.26324622, -0.263416705, -0.263548689, -0.263644631, -0.263707062, -0.263739786, -0.2637483, -0.263737527, -0.263711718, -0.263675066, -0.263632059, -0.263587296, -0.263544928, -0.263508812, -0.263482642, -0.263470241, -0.263476545, -0.263508411, -0.263571485, -0.263667009, -0.263795524, -0.26395744, -0.264147207, -0.264350906, -0.264547355, -0.264715253, -0.264834637, -0.26488361, -0.264840126, -0.264679681, -0.264375087], "pelvis_tx": [0.0, 0.01477811, 0.02981966, 0.04510758, 0.06045601, 0.07552426, 0.0900652, 0.10401582, 0.11745937, 0.13052005, 0.14330536, 0.15588956, 0.16831964, 0.18062565, 0.19282791, 0.20494149, 0.2169788, 0.22895074, 0.24086683, 0.25273466, 0.26456153, 0.27635373, 0.28811681, 0.29985674, 0.31158062, 0.3232968, 0.33501406, 0.34674065, 0.3584856, 0.37025742, 0.38206273, 0.39390784, 0.40579709, 0.41773411, 0.42972222, 0.44176595, 0.45387176, 0.46604776, 0.47830591, 0.49066444, 0.50314483, 0.51576584, 0.52854205, 0.54148631, 0.5546125, 0.56793507, 0.58146821, 0.59522634, 0.60922304, 0.62347006], "pelvis_ty": [0.88365423, 0.88286864, 0.88203224, 0.88116841, 0.88040404, 0.87996855, 0.88012353, 0.88102469, 0.88263129, 0.88473361, 0.88709913, 0.88954517, 0.89194813, 0.89422878, 0.89633673, 0.89823955, 0.89991627, 0.90135424, 0.90254857, 0.90350253, 0.90422669, 0.90473797, 0.90505705, 0.90520533, 0.90520302, 0.90506819, 0.90481637, 0.90446067, 0.90401181, 0.90347895, 0.90287023, 0.90219222, 0.90145035, 0.90064844, 0.89978852, 0.89887075, 0.89789403, 0.89685722, 0.89576296, 0.89462361, 0.89346085, 0.89229721, 0.89115067, 0.89003554, 0.888964, 0.88794522, 0.88698448, 0.88608284, 0.88523602, 0.88443285], "hip_flexion_l": [0.016469227, 0.014834571, 0.014574244, 0.015814559, 0.018636448, 0.023508629, 0.030924383, 0.040812304, 0.052879604, 0.066767753, 0.082205144, 0.098981772, 0.116940376, 0.135951798, 0.155908169, 0.176712591, 0.19827165, 0.220490754, 0.243275884, 0.266539966, 0.290178829, 0.314090464, 0.338178841, 0.362331265, 0.386426416, 0.410344037, 0.43394679, 0.457095181, 0.479636001, 0.501429082, 0.522366351, 0.542348415, 0.561323972, 0.579268997, 0.59617356, 0.612011344, 0.626721369, 0.640223615, 0.65240092, 0.663026895, 0.67182581, 0.678633505, 0.683448148, 0.686389878, 0.687584644, 0.68715166, 0.685223599, 0.68188844, 0.677229457, 0.671340242], "hip_flexion_r": [0.664226832, 0.655766195, 0.645644188, 0.632672942, 0.617605696, 0.602627326, 0.588387845, 0.574930106, 0.561930784, 0.549021373, 0.535908621, 0.522427673, 0.508499514, 0.494097143, 0.47922707, 0.463918059, 0.448215384, 0.432176747, 0.415871218, 0.39937649, 0.382760737, 0.366096416, 0.34946335, 0.332945267, 0.31659922, 0.300439585, 0.284490683, 0.268790075, 0.253365432, 0.238233036, 0.223407778, 0.208902072, 0.194721571, 0.18086429, 0.167325862, 0.154095665, 0.141155521, 0.128499339, 0.116142625, 0.104120714, 0.092488606, 0.081323148, 0.070716099, 0.060759752, 0.05153945, 0.043132573, 0.03561966, 0.029097011, 0.02366775, 0.019430621], "knee_angle_l": [-0.283287738, -0.309360488, -0.338356542, -0.370221258, -0.404630306, -0.439970753, -0.473795415, -0.505010842, -0.533978387, -0.561206172, -0.587001137, -0.61151102, -0.634758933, -0.656690572, -0.677220781, -0.696243373, -0.713640048, -0.729285592, -0.743047478, -0.754783066, -0.764361195, -0.771648066, -0.776507563, -0.778818108, -0.778481885, -0.775428078, -0.769621757, -0.761047023, -0.74975634, -0.735829337, -0.719342179, -0.700411802, -0.679134063, -0.655596358, -0.629892637, -0.602153429, -0.572512693, -0.541170932, -0.508586093, -0.475355592, -0.442041485, -0.409129284, -0.377000866, -0.346033277, -0.316484219, -0.288559446, -0.262556525, -0.238729181, -0.217423937, -0.199143374], "knee_angle_r": [-0.184426289, -0.173860159, -0.168285571, -0.169806187, -0.17528638, -0.180172488, -0.184675993, -0.188707257, -0.192057021, -0.1945697, -0.196126516, -0.196694092, -0.196280109, -0.194919508, -0.19267299, -0.189625148, -0.185881233, -0.181563646, -0.176811974, -0.171763051, -0.166540245, -0.16127501, -0.156104717, -0.151175098, -0.146585483, -0.142358927, -0.138543468, -0.135202579, -0.13238925, -0.130139148, -0.128470889, -0.127413669, -0.126983291, -0.127186852, -0.128024382, -0.129486079, -0.131553545, -0.13423171, -0.137584219, -0.141719617, -0.146762118, -0.152859379, -0.16018322, -0.168913938, -0.179220643, -0.191252879, -0.205167641, -0.221144437, -0.239373949, -0.260034354], "ankle_angle_l": [0.100897108, 0.079944899, 0.057179922, 0.03225246, 0.006652231, -0.015752649, -0.033251158, -0.04635638, -0.055232943, -0.060103311, -0.061239178, -0.058902809, -0.053378743, -0.044959219, -0.033938675, -0.020612934, -0.005281646, 0.011751635, 0.030180266, 0.049695868, 0.06998758, 0.09074392, 0.111653878, 0.132406904, 0.152694553, 0.172213726, 0.190672344, 0.207800883, 0.223365577, 0.237187888, 0.249161679, 0.259259119, 0.26752961, 0.274082766, 0.279064674, 0.282634911, 0.284952621, 0.286171047, 0.286432272, 0.285863414, 0.284576033, 0.282664158, 0.280199755, 0.277228166, 0.273770226, 0.269824084, 0.265367335, 0.260364772, 0.254766118, 0.248505043], "ankle_angle_r": [0.241505399, 0.23368018, 0.224945653, 0.215265722, 0.2053268, 0.195721202, 0.186446945, 0.177759897, 0.169944453, 0.163201244, 0.15763983, 0.153288535, 0.150129505, 0.148116785, 0.147185144, 0.147255397, 0.14823791, 0.150035399, 0.152546468, 0.15566883, 0.159289606, 0.16327494, 0.167483997, 0.171777842, 0.176027951, 0.180117981, 0.18392919, 0.187354915, 0.190313693, 0.192753458, 0.194654099, 0.196027907, 0.196923886, 0.19741978, 0.197608562, 0.197582259, 0.197403826, 0.197087781, 0.196606361, 0.195854526, 0.19461586, 0.192606219, 0.189537207, 0.185159684, 0.17924927, 0.171593841, 0.162003974, 0.150288055, 0.136263805, 0.119800092], "lumbar": [0.167890235, 0.169581415, 0.17150017, 0.173715833, 0.176063851, 0.178138544, 0.179697019, 0.180719341, 0.181312727, 0.181599832, 0.181673436, 0.181589336, 0.181378224, 0.18105773, 0.180638595, 0.180128698, 0.179535128, 0.178865135, 0.178125628, 0.177322116, 0.176462865, 0.175555437, 0.174605815, 0.173620572, 0.172609028, 0.171584122, 0.170558684, 0.1695436, 0.168551632, 0.167594908, 0.166681952, 0.165820444, 0.16501368, 0.164262844, 0.163567518, 0.162929015, 0.162352733, 0.161845392, 0.161417274, 0.161091135, 0.160897007, 0.160855576, 0.160973895, 0.161250717, 0.161687636, 0.162288809, 0.163056655, 0.163996272, 0.165112063, 0.166406632], "grf_heel_r_fx": [-45.937478, -80.972122, -192.235059, -409.204931, -135.707406, -159.283228, -161.795649, -133.984211, -96.656186, -65.578493, -44.216611, -30.120745, -20.507165, -13.461542, -7.824602, -2.992881, 1.280309, 5.168083, 8.206082, 10.327307, 12.282927, 14.019145, 15.187828, 15.804054, 15.978338, 15.987352, 15.592002, 14.547923, 13.135447, 11.091294, 8.580971, 6.099467, 3.848565, 1.955044, 0.497604, -0.368304, -0.665463, -0.569892, -0.345758, -0.198903, -0.10726, -0.042721, -0.010634, -0.000532, 3.8e-05, 0.0, 0.0, 0.0, 0.0, 0.0],